AccNo	Genome_size	Strand	Angle	Deviation (Aligned)	Deviation (Original)
NC_014256.1	1673997	1	342	53.07	177.67
NC_011498.1	1673813	0	0	33.744	40.336999999999996
NC_011333.1	1652982	0	0	33.047	42.992
NC_012973.1	1576758	0	0	23.433000000000003	45.483000000000004
